Mut	BA.4.1
K444N	18
K444R	15
G446S	13
V445A	8
S477N	8
R346I	7
E484V	7
G446D	6
S494P	6
V445F	6
P463S	5
N450D	5
L452Q	5
R346T	5
T430I	4
V395E	4
G446V	4
E484S	4
V483F	3
Y505H	3
E484A	3
P521S	3
R346S	3
P479L	3
P384S	3
V483A	3
T470I	3
C361T	3
K444T	2
G482S	2
L517F	2
K356T	2
A435S	2
G339Y	2
V445I	2
A344T	2
L461I	2
A520S	2
T500S	2
K444M	2
V433I	1
V362I	1
N460T	1
F490S	1
K444Q	1
E340V	1
A520E	1
T478E	1
K356R	1
S375F	1
D428G	1
R357K	1
T376V	1
I332V	1
N460H	1
T478I	1
N481K	1
E484T	1
Y489H	1
F486V	1
T478N	1
T333S	1
N460K	1
A522P	1
A522E	1
K417T	1
S359N	1
N481D	1
D389N	1
A475S	1
N440R	1
I468T	1
T470N	1
D389G	1
Q493K	1
I434V	1
N460S	1
S371F	1
A363S	1
S494T	1
Y453F	1
N481S	1
G339N	1
S477D	1
A348S	1
F377L	1
L513F	1
G476S	1
Y495H	1
S375L	1
S494L	1
T385A	1
T333K	1
A344S	1
D420N	1
R346K	1
K444E	1
V382L	1
E340Q	1
A522V	1
T478R	1
S514F	1
G482D	1
Mut	BA.4.6
S494P	15
K444N	15
E484V	13
V445A	13
K444R	10
T478R	9
D420N	8
G446S	8
N460Y	8
V445F	8
T430I	7
F486A	7
S477N	7
P479L	6
N460S	5
P384S	5
T470I	5
R346T	5
P521S	5
G476S	5
R346I	4
N487D	4
A348S	4
V483F	3
G446V	3
V445R	3
A475S	3
Y489H	3
T478I	3
L452Q	3
K444T	3
L517F	3
T478E	3
F490L	3
Y505H	3
L335S	3
A352S	3
F490V	3
A344T	2
D428G	2
L455F	2
T345I	2
F456L	2
S373P	2
P521Q	2
G482S	2
L452R	2
G482D	2
N448S	2
E406Q	2
N481K	2
L461I	2
L441G	2
V395F	2
P337S	2
S371F	2
F490S	2
T393A	2
N334K	2
T500A	2
P499H	2
E340Q	1
T500S	1
S514F	1
E484T	1
E340V	1
N481S	1
N370S	1
K458N	1
N460I	1
H519Y	1
A475V	1
A475T	1
F347L	1
E484P	1
I434V	1
L517I	1
L518V	1
V511L	1
E516K	1
T478N	1
K417N	1
N354S	1
P479S	1
Q474H	1
P521R	1
K444M	1
V433I	1
Q493H	1
A522S	1
D442E	1
A520S	1
S375F	1
G482R	1
L335F	1
N501Y	1
N460T	1
D428A	1
G339D	1
F490I	1
V510L	1
N394D	1
K444E	1
N450D	1
E484S	1
E465D	1
P479R	1
S359N	1
T470A	1
V382L	1
R357I	1
G339Y	1
D420A	1
N460K	1
T333I	1
Mut	BA.4
R346T	15
K444N	14
K444R	10
E484V	6
R346I	6
G446D	5
R346S	5
K444T	5
P479L	4
E471Q	3
L452Q	3
T430I	3
S477N	3
V445A	3
V433I	2
T470I	2
N460K	2
S375F	2
E484S	2
G482D	2
T478R	2
N450D	2
T470N	2
E340D	2
K356T	1
L368I	1
N448K	1
L441F	1
S375L	1
L452R	1
T523S	1
A520S	1
G381R	1
F486V	1
S494P	1
G446V	1
T393N	1
N440R	1
V445F	1
A352D	1
P521S	1
N354D	1
N370S	1
F456L	1
S477K	1
H519Q	1
L335F	1
T376A	1
N501Y	1
D427Y	1
Y505H	1
D420N	1
A522V	1
N501F	1
G339E	1
G339Y	1
E406Q	1
R346K	1
G446S	1
A363T	1
G485S	1
A522S	1
N460Y	1
P337S	1
A475T	1
Y369H	1
S373P	1
A435S	1
K444E	1
K444M	1
F486A	1
P479S	1
R357K	1
Mut	BA.5.1.1
V445A	9
K444R	7
K444N	6
T430I	4
G446S	3
E484V	3
G446V	3
R346T	3
G446D	2
F486A	2
T478R	2
R346I	2
P384S	1
N450D	1
K356R	1
V341I	1
K462R	1
N394D	1
K356T	1
T500S	1
S477N	1
K444T	1
G339Y	1
T470I	1
T415A	1
T333K	1
V483F	1
E340K	1
E471Q	1
P479L	1
A522V	1
G482D	1
E484S	1
R346K	1
F490L	1
P521S	1
N460T	1
V395F	1
R346S	1
Mut	BA.5.1.10
K444R	5
R346T	3
L517F	2
G446S	2
G339Y	2
E484V	2
F486A	2
E471Q	2
G446D	2
V445A	2
L492K	2
L452R	1
V382L	1
H519Q	1
L513F	1
V395I	1
A344S	1
T478E	1
A411S	1
F456L	1
S494P	1
T430I	1
Q474E	1
R357K	1
P479L	1
K444N	1
L452W	1
V362I	1
E484S	1
P463S	1
K356T	1
S477N	1
R346I	1
A397T	1
D420N	1
H519R	1
P521S	1
N460S	1
A520S	1
T470I	1
E484P	1
Mut	BA.5.1.22
R346T	10
R346I	5
K444R	3
T430I	2
Y505H	2
E484S	2
E484V	2
S477N	2
S375F	2
A344S	1
V445A	1
N450D	1
R346K	1
N460S	1
G446V	1
E340K	1
G446D	1
G446S	1
V483I	1
V341I	1
K356Q	1
G476S	1
S477D	1
G496S	1
K444T	1
V445F	1
K444N	1
E340Q	1
N354K	1
V503D	1
S373P	1
L452R	1
D389N	1
G446A	1
D420N	1
T478R	1
V483F	1
I418V	1
T376A	1
Mut	BA.5.1.23
K444N	6
V445A	5
R346I	4
E484V	3
K444R	3
R346T	3
G446V	3
K444M	2
E340D	2
A520S	2
G446D	2
V445F	2
G446S	2
A344S	1
K356T	1
S477D	1
P426S	1
N370S	1
N487D	1
P521S	1
R346K	1
N450D	1
H519R	1
T430I	1
A397V	1
S477N	1
G447D	1
P337S	1
N460Y	1
E340K	1
T470I	1
R346S	1
V483F	1
Mut	BA.5.1.30
K444R	6
E484V	6
R346I	2
N450D	2
K444N	2
D427Y	2
K444M	2
V445A	2
G339Y	2
G446S	2
K462Q	1
P337S	1
G446V	1
T430I	1
V483F	1
D420N	1
T478I	1
P479L	1
C336S	1
S375L	1
S494P	1
A348S	1
N331T	1
V445F	1
V483I	1
K444T	1
S477N	1
D389E	1
T415N	1
S375F	1
E340Q	1
P521S	1
N460S	1
P384S	1
A520S	1
V341I	1
Y351F	1
D389G	1
A344T	1
R346S	1
N481S	1
R346K	1
E484S	1
T478R	1
Mut	BA.5.1
R346T	61
K444N	50
K444R	40
R346I	28
S477N	25
E484V	22
V445F	18
G446S	17
N450D	15
T478R	15
S494P	13
R346S	12
G446D	11
L452Q	11
K444T	10
V445A	10
G446V	9
D420N	9
K356T	9
K444M	8
N460Y	8
T430I	8
L517F	7
A435S	7
S375F	7
E484S	7
S371F	6
V483F	6
G339Y	6
L513F	6
A522S	5
P337S	5
E406Q	5
N460K	5
N440R	4
G339D	4
P384S	4
T470I	4
A344S	4
I434V	4
T478I	4
S459F	4
P521S	4
L452R	4
F486A	4
V445I	4
D389G	4
K444Q	4
L455F	4
T376A	3
F515L	3
A522V	3
R357K	3
N481K	3
G482S	3
N439K	3
E340D	3
E484P	3
F490S	3
N481D	3
A520S	3
E340A	3
P521L	3
S359N	3
P337L	3
N460S	3
N460I	3
N460A	3
N354S	3
R346G	3
V503F	3
P479L	3
K356N	2
T500A	2
F486V	2
Q493H	2
G485S	2
A348S	2
T385I	2
N501Y	2
K458N	2
L441F	2
N354K	2
T478K	2
T333I	2
E484A	2
G482D	2
Q498R	2
R346K	2
R357I	2
N334K	2
Y421H	2
E471V	2
E340Q	2
E340K	2
L335F	2
V433I	2
Y508H	2
F347C	2
N354D	2
P479R	2
V445L	2
V341I	2
D428Y	1
L425I	1
Y351F	1
F456V	1
A435T	1
N487D	1
R403K	1
T415A	1
G485A	1
E465G	1
E471Q	1
N360D	1
G446F	1
G476S	1
Q474H	1
N360T	1
T333K	1
N460H	1
F490Y	1
A522E	1
L441R	1
V362F	1
R357G	1
N501D	1
A522P	1
V483A	1
R403G	1
F456L	1
I472L	1
V395F	1
A352D	1
H519Q	1
T523N	1
D405N	1
S477D	1
P479S	1
K417T	1
T478E	1
N370S	1
V362I	1
K417N	1
Y449F	1
N450Y	1
G485D	1
F374L	1
S373P	1
A475V	1
A344T	1
E484T	1
N331I	1
V483I	1
A397V	1
D389N	1
K529R	1
K529M	1
P499S	1
T415N	1
D428G	1
P491S	1
H519Y	1
T393A	1
H519N	1
L517P	1
A475S	1
T470N	1
L517I	1
D427Y	1
P384A	1
Q493K	1
D389H	1
Q493L	1
E516K	1
L518P	1
T500N	1
A475T	1
N481S	1
V382L	1
P521Q	1
N481T	1
T376S	1
N450I	1
V510I	1
N394D	1
N360Y	1
A352S	1
T523P	1
K444E	1
S477K	1
Mut	BA.5.2.1
K444N	92
K444R	57
R346T	53
V445F	35
V445A	32
S477N	28
E484V	27
T430I	26
G446S	22
R346I	22
S494P	20
G446D	18
G446V	18
N450D	15
D420N	15
K444T	13
K444M	13
R346S	13
L517F	13
T478R	13
P479L	13
N460K	11
P384S	11
N460Y	10
A348S	10
G339Y	10
F486A	10
P521S	10
V483F	9
E484S	9
T478E	8
A522S	8
G476S	8
T470I	8
S371F	7
K356T	7
L452Q	7
A522P	7
E471Q	6
E340K	6
V445I	5
S375F	5
S373P	5
A520S	5
E484R	5
N440R	5
G482S	5
R357K	5
N460S	5
L452*	5
L513F	4
A435S	4
E406Q	4
L452R	4
V395F	4
D428G	4
F490S	4
L455F	4
D405N	4
A522V	3
V433I	3
G339D	3
Q498R	3
A344T	3
P463G	3
S477K	3
Y505H	3
A475S	3
T376A	3
Y489H	3
K417T	3
R346K	3
N487D	3
A352S	3
G482D	3
N481S	3
S477D	3
E340Q	3
T385I	3
F490L	3
I332R	3
G496S	3
N354K	3
N460H	3
I434V	2
H519Y	2
E484A	2
D427H	2
Y451H	2
V382M	2
P463T	2
L441F	2
G446A	2
V445G	2
A348P	2
F456L	2
H519Q	2
K444Q	2
G446R	2
K417S	2
P499S	2
K417N	2
A397V	2
H519L	2
N354D	2
V395D	2
V510I	2
V395E	2
Q493H	2
L335S	2
P479H	2
D389G	2
P337S	2
H519R	2
T393A	2
D427Y	2
K444E	2
T478Q	2
N354S	2
E340A	2
T333I	2
E340V	2
F486E	2
F374L	1
R403K	1
G496A	1
L441I	1
D389E	1
L441V	1
Q474H	1
D389N	1
G482R	1
L518Q	1
F338L	1
F486V	1
N501Y	1
E340D	1
F486I	1
A411S	1
A435T	1
I358V	1
D428E	1
E516K	1
T385A	1
Q506K	1
I472L	1
V362F	1
T500A	1
T523P	1
F490I	1
T478I	1
A344V	1
Y421H	1
L335F	1
P384L	1
T415N	1
D428H	1
D420A	1
R357T	1
V483A	1
A344S	1
N394D	1
S514A	1
N448D	1
H519D	1
T376V	1
S514F	1
Y453F	1
D428Y	1
L390F	1
L390V	1
L441R	1
L455S	1
N460I	1
V510L	1
N460D	1
N331K	1
N394H	1
E471V	1
P499H	1
Y451L	1
N487K	1
R454T	1
D427N	1
V341I	1
Y473F	1
P463S	1
N448T	1
E471D	1
E465A	1
N481K	1
N450I	1
N481T	1
N481Y	1
P521Q	1
K378R	1
I332V	1
D427E	1
T523N	1
Y449C	1
R454G	1
S477I	1
A475V	1
R346G	1
N448S	1
Q474E	1
F515L	1
T478K	1
P479R	1
L517P	1
Y369H	1
E516Q	1
Q493K	1
Y453H	1
L513I	1
V445L	1
T470N	1
V362I	1
T478N	1
S459F	1
K378N	1
P499R	1
N331S	1
P479S	1
Y380F	1
A475T	1
L368I	1
Mut	BA.5.2.20
R346I	6
K444R	6
S494P	4
L452Q	4
N450D	3
S477N	2
G446S	2
R346T	2
A520S	2
D389G	2
V445A	2
G446D	2
P384S	2
T478R	2
D428H	1
E471Q	1
N487T	1
G339D	1
N481K	1
E484V	1
V445F	1
P479L	1
E340Q	1
L455F	1
F490L	1
Y369H	1
N487D	1
A435S	1
K356T	1
K444Q	1
T385A	1
N460K	1
G339Y	1
L513F	1
V395F	1
P521Q	1
T376S	1
D420N	1
G446V	1
D427Y	1
T470I	1
Q498R	1
S375F	1
T415N	1
N460S	1
P499S	1
T430I	1
Mut	BA.5.2.9
K444N	16
K444R	10
V445A	6
R346I	5
R346T	5
E484V	4
T478R	4
N450D	4
G446D	3
V445F	3
L452R	2
E471Q	2
S477N	2
R357K	2
S494P	2
P384S	2
S375F	2
T333K	2
A435S	2
G446S	2
K417N	2
V510I	1
V341I	1
S514A	1
R357I	1
N460I	1
D428G	1
D427Y	1
K444M	1
A522V	1
Y505H	1
D389N	1
K529N	1
S494A	1
N460Y	1
S477D	1
G446V	1
A522P	1
I332V	1
T500S	1
L452Q	1
F486A	1
N501Y	1
K444T	1
F490S	1
S371F	1
K417T	1
D420N	1
G476S	1
T430I	1
T333A	1
V445I	1
N460S	1
N439K	1
E484S	1
G496S	1
S375L	1
G339D	1
Mut	BA.5.2
K444N	40
V445A	28
R346I	27
G446D	26
G446S	25
R346T	22
K444R	20
S494P	19
V445F	18
E484V	18
S477N	17
R346S	16
N450D	16
G446V	14
D420N	11
N460S	10
R346K	9
P479L	9
T478R	9
S375F	8
K356T	8
T478E	8
P384S	8
L517F	7
G476S	7
N460K	7
A522P	7
F486A	6
A348S	6
K444M	6
E484S	6
G339Y	6
V483F	6
V445I	6
L452Q	6
K444T	6
S371F	6
E471Q	5
T430I	5
Q498R	5
A522S	5
A435S	5
L455F	5
N460Y	4
E406Q	4
D405N	4
L452R	4
P337S	4
N354D	4
L513F	4
N481K	4
E340K	4
K356R	4
T470I	4
T470N	3
P521S	3
T376A	3
N481S	3
P521Q	3
V382L	3
G482S	3
F490L	3
R357I	3
G339D	3
G482D	3
Y473F	2
D389N	2
Y505N	2
E340D	2
G485S	2
K417S	2
P479S	2
G339E	2
E516Q	2
A352N	2
V483I	2
P384V	2
A352S	2
R357K	2
P499S	2
E340Q	2
F490S	2
T478I	2
L455S	2
A397V	2
E484P	2
S359N	2
K417N	2
P463S	2
E484T	2
A520S	2
S477D	2
N448D	2
N440R	2
V362F	2
E340G	1
K528R	1
V395E	1
T430P	1
G339H	1
K444E	1
L335S	1
A475V	1
T385A	1
P479H	1
D428Y	1
V395F	1
I418V	1
G496S	1
A475S	1
H519L	1
T333I	1
K444Q	1
N487D	1
F490I	1
G476D	1
G404V	1
T430A	1
A344T	1
A352V	1
D428H	1
R346G	1
T500N	1
D405Y	1
A475T	1
G446A	1
A348P	1
H519Q	1
K356M	1
N481Y	1
N334D	1
E340V	1
L335F	1
K417T	1
N354H	1
N460I	1
F374L	1
L461I	1
V503A	1
L513I	1
Y365F	1
A411S	1
N439K	1
P521T	1
V341I	1
I472V	1
D428A	1
T385I	1
F486V	1
E516G	1
H519P	1
I402S	1
V483L	1
P479R	1
S477K	1
V445G	1
S443A	1
Q493L	1
S349P	1
V503L	1
I434V	1
Q493K	1
G496A	1
L368I	1
N487T	1
N487K	1
A344S	1
N450I	1
N448S	1
D389G	1
S494L	1
L441F	1
Y489H	1
L441I	1
T333K	1
D428G	1
E516D	1
F486L	1
V510L	1
G381R	1
L455W	1
Y495H	1
E471V	1
Y505Q	1
L518V	1
F486I	1
T500A	1
S459F	1
N370S	1
V382A	1
D427Y	1
Y453H	1
F456L	1
T333A	1
E484A	1
N343T	1
K528I	1
C391S	1
A344V	1
Mut	BA.5.5
K444N	30
R346T	16
K444R	14
V445A	11
G446S	9
S494P	9
G446D	8
R346S	8
E484V	8
S477N	8
G413D	8
T430I	7
N450D	7
K444T	7
T478R	6
E484S	6
G446V	6
G339Y	5
G476S	5
R346I	5
N448D	4
L452R	4
A435S	3
N460K	3
L518P	3
A475S	3
A522S	3
P479L	3
R346K	3
F490S	3
K417T	2
V445I	2
L517I	2
T470I	2
G482D	2
N501Y	2
V483A	2
N354D	2
V445F	2
A344S	2
N460Y	2
T478E	2
K444M	2
D427Y	2
A352S	2
L517F	2
N460S	2
D427H	2
N481K	2
L455F	2
Y505H	2
A520G	2
G413A	1
K444Q	1
F456L	1
N440R	1
N334T	1
K417S	1
F400C	1
S359R	1
I434V	1
I434L	1
K444E	1
N354K	1
V483L	1
D405N	1
P426S	1
D427N	1
D428G	1
N460T	1
Q493K	1
P384S	1
P521S	1
V445L	1
N481D	1
F490V	1
A411S	1
N487D	1
I332M	1
T415N	1
A522V	1
D389G	1
F486L	1
K458N	1
T385I	1
K356R	1
F486I	1
N439K	1
S375F	1
E340D	1
E484P	1
S459F	1
S371F	1
P337L	1
P337S	1
S375L	1
T478K	1
F486V	1
L517P	1
T415A	1
A348S	1
Y421F	1
K417N	1
I332L	1
P479S	1
E471Q	1
G504D	1
S359C	1
S494L	1
V483F	1
N487K	1
L335F	1
H519L	1
R346G	1
D442N	1
T393A	1
A397V	1
V483I	1
E484T	1
E406Q	1
P479R	1
R357I	1
Mut	BA.5.6
K444R	20
K444N	17
V445A	12
E484V	11
R346T	10
S494P	7
T430I	7
S477N	6
G446S	6
R346I	5
R346S	5
P463S	4
D420N	4
V445F	4
N460S	4
G446D	4
K444T	3
G476S	3
N460Y	3
N460T	2
N450D	2
G446V	2
K444Q	2
P521S	2
T333K	2
S477K	2
R346K	2
T478E	2
N460I	2
F486A	2
A435S	2
V483F	2
Y505H	2
L441F	2
A348S	2
K444M	2
G446R	2
E484P	1
G381V	1
D428V	1
P384A	1
I434V	1
E471Q	1
L517F	1
Y421H	1
L518V	1
K458E	1
S373P	1
S459F	1
P479S	1
N354S	1
N481S	1
T385I	1
S375F	1
T430P	1
N354H	1
T470I	1
V395F	1
N440R	1
V510I	1
E484S	1
K417S	1
N460H	1
P384S	1
T478R	1
A522S	1
A344V	1
T470A	1
P521Q	1
L452Q	1
D427H	1
S359N	1
G339H	1
V362I	1
L452R	1
I472T	1
S349P	1
V511I	1
V483L	1
A522E	1
A520S	1
K462R	1
A522V	1
N450Y	1
L335V	1
R408N	1
S371F	1
K356R	1
N448D	1
L441I	1
D389G	1
A520G	1
T478I	1
S359G	1
L335M	1
N487T	1
G339Y	1
S494T	1
D428G	1
A344S	1
A475T	1
Mut	BA.5
R346T	14
G446S	6
N460K	5
K444T	4
F486A	3
E484V	3
V445A	3
G339H	3
K444R	3
N450D	3
L517F	2
K417N	2
A522P	2
K444N	2
S494P	2
R346I	2
R346S	2
F486V	2
P521S	2
G446D	2
S477N	2
V445F	1
F490L	1
L518P	1
F515L	1
P491L	1
S477D	1
N460S	1
N481K	1
E484S	1
V445D	1
N354S	1
R346K	1
L452R	1
K356T	1
S371F	1
P337S	1
A348S	1
V341I	1
A520S	1
A522V	1
P479S	1
P479L	1
R357S	1
E340K	1
N394D	1
N354K	1
R403K	1
I434L	1
L452Q	1
V483I	1
L368I	1
F490S	1
N460H	1
Mut	BE.1.1
R346T	10
K444R	9
R346I	7
V445F	5
R346K	5
S494P	5
K444N	5
K444T	4
G446S	4
G446V	4
V445A	4
E484V	4
K444M	4
R346S	3
N450D	3
T478R	3
N481K	3
T430I	3
N460K	2
F490L	2
K356T	2
S375F	2
A344T	2
F486A	2
N448D	2
N460S	2
A520S	2
A522P	2
G476S	1
T478N	1
P384S	1
E340D	1
P337L	1
D427Y	1
F486L	1
P479S	1
E516Q	1
H519Y	1
A520V	1
P479H	1
G446A	1
D389G	1
L518R	1
P521S	1
A397V	1
E484P	1
G339H	1
N370S	1
S373P	1
A348S	1
N501Y	1
N460Y	1
K529N	1
S514F	1
I472V	1
A522S	1
A344N	1
E340A	1
A522V	1
L518I	1
K356Q	1
L518V	1
K356R	1
D427N	1
S477N	1
L390I	1
E484S	1
L441F	1
D428G	1
E406Q	1
G446D	1
A344S	1
G339Y	1
P521A	1
T393A	1
K444E	1
Mut	BE.1
K444N	15
G446S	10
K444R	6
R346S	5
R346T	5
V445F	4
V445A	4
K444M	4
S477N	3
V382L	3
G496S	3
T430I	3
K417N	2
S477K	2
L452Q	2
L461I	2
E484T	2
N450D	2
S494P	2
E484V	2
N448D	2
G339Y	2
G482D	1
E484P	1
R346I	1
G476A	1
A522P	1
P479S	1
L518Q	1
E471Q	1
K417T	1
N481K	1
L390I	1
A522V	1
N354K	1
L517F	1
F490I	1
N501Y	1
S373P	1
T500S	1
N360S	1
V483L	1
A344S	1
L452R	1
V483A	1
G446V	1
S375F	1
G446R	1
R346K	1
L335F	1
Q498R	1
T333I	1
P384S	1
N360D	1
E406Q	1
K417S	1
T376V	1
T478I	1
Q474H	1
K444T	1
T478R	1
K458N	1
G446D	1
R408N	1
F338L	1
V483F	1
I434V	1
A348S	1
F490L	1
N448S	1
A522G	1
Mut	BE.3
K444N	6
K444M	4
V445A	3
G446S	3
T478E	3
R346T	2
K444R	2
S494P	2
V445F	2
E484V	2
K444T	2
N450D	2
R346I	1
F490L	1
N481K	1
G482S	1
N460I	1
T500A	1
T500S	1
V483F	1
K356R	1
L517F	1
A352S	1
S514A	1
A475V	1
A352V	1
V445G	1
S477N	1
T470I	1
T430I	1
V362I	1
E465G	1
A522S	1
A348S	1
G496S	1
G339H	1
Y453F	1
G339D	1
G446V	1
D427Y	1
T478R	1
I434V	1
L452R	1
Mut	BF.10
G446S	10
S477N	9
K444R	9
K444N	8
V445A	7
V445F	6
K444M	5
T430I	4
R346T	4
S494P	4
G446V	3
G496S	3
L452Q	3
R346I	3
R346S	2
Q493Y	2
S371F	2
G416*	2
G482D	2
V382L	2
G446D	2
L455F	2
Y473F	2
S477K	1
D405N	1
E471Q	1
N501F	1
V483I	1
T470S	1
A522S	1
T430S	1
P521S	1
A435V	1
K444T	1
N460Y	1
Q498R	1
V483F	1
E484T	1
E484V	1
N360D	1
N460S	1
P384S	1
A475V	1
E340Q	1
G339Y	1
E406Q	1
G476S	1
S359N	1
T470N	1
L517F	1
F486I	1
T376V	1
A397V	1
T470I	1
G447V	1
P479L	1
A352S	1
N501Y	1
P426S	1
S375F	1
R357I	1
D420N	1
F490L	1
G339E	1
T415A	1
E484S	1
V341I	1
A352V	1
N440R	1
I434L	1
F456L	1
V362L	1
G485D	1
S373P	1
N481Y	1
S494T	1
P479H	1
T393A	1
P499S	1
T478R	1
F486G	1
A520S	1
Mut	BF.26
K444N	10
S494P	6
R346S	5
R346T	5
K444R	4
N450D	4
V445F	3
V445A	3
S375F	2
S477N	2
G446V	2
L513F	2
G446D	2
T333I	2
P479L	1
N354S	1
A397V	1
G496S	1
G446S	1
H519Q	1
N460S	1
K417S	1
E406Q	1
P521T	1
T415N	1
R357S	1
N460K	1
F490L	1
E484V	1
S477K	1
K417N	1
P479H	1
F486A	1
G482D	1
T430I	1
D427N	1
E340K	1
T478E	1
R346I	1
S494T	1
K458T	1
V362I	1
Mut	BF.5
K444R	9
K444N	7
V445A	6
R346T	6
V445F	5
R346I	5
T470I	4
E484V	4
P384S	3
K444T	3
P521S	3
V445I	3
S494P	2
R346S	2
S375F	2
T376L	2
S477N	2
N460S	2
E340K	2
P479L	2
E471Q	2
G446S	2
N450D	2
F490S	2
R357K	1
L452R	1
T430I	1
L517F	1
A522P	1
D428G	1
N448D	1
N354S	1
A344S	1
D427Y	1
A352S	1
T415S	1
N354K	1
S477K	1
D420N	1
T478I	1
A352V	1
S371F	1
P337S	1
F486A	1
T523N	1
N481K	1
T478K	1
K356T	1
L441I	1
V382M	1
Y505Q	1
N460T	1
G476S	1
N460Y	1
A520S	1
G446D	1
V341I	1
Mut	BF.7.14
S477N	1
V395F	1
Mut	BF.7
S494P	6
D420N	5
V445F	5
R346T	5
K444N	5
T470I	4
G446S	3
S477N	3
P384S	3
V382L	2
T385S	2
E484S	2
N487K	2
A475S	2
S375F	2
T478R	2
N460K	2
E484V	2
T430I	2
F486E	2
K444R	2
S514F	2
L452R	2
G504V	1
E340Q	1
T470N	1
N354K	1
N460S	1
F456L	1
G496S	1
Y421H	1
G339V	1
I434V	1
N460T	1
D428A	1
D427Y	1
T333I	1
K444T	1
G446C	1
P479R	1
P479L	1
N354D	1
A348S	1
E484T	1
N394D	1
S371F	1
F486A	1
A344T	1
L452Q	1
V362I	1
T478I	1
A397V	1
T393I	1
G476D	1
G339Y	1
L455F	1
S359I	1
T478E	1
E484P	1
P521S	1
P426S	1
E340G	1
A435T	1
N460Y	1
V445A	1
Q498R	1
E471Q	1
E340K	1
S443A	1
V511L	1
N370K	1
F490L	1
G446D	1
A520S	1
G496A	1
G476S	1
Mut	BQ.1.1.32
T478I	2
K444M	1
L452R	1
A411G	1
G482R	1
S375F	1
P479S	1
K417Y	1
G476D	1
G339D	1
L518Q	1
R408N	1
T500A	1
V445F	1
A397S	1
A348S	1
S477N	1
T430S	1
T415N	1
G446S	1
G482S	1
F486I	1
T430P	1
S494P	1
P479L	1
R346K	1
T478E	1
Mut	BQ.1.1
K444M	23
P479L	21
S477N	17
T478R	17
R346I	12
N481K	11
T478I	11
E484V	11
F486A	11
G446S	10
S494P	10
N460K	10
G476S	9
T430I	9
T385I	9
N481S	8
F490L	8
L455F	7
S375F	7
V445A	7
T470I	7
A522V	7
G416*	7
F490S	6
F456L	6
A344T	6
A475V	6
P426S	6
K444T	6
G482S	5
S514F	5
V445F	5
T430P	5
P521S	5
G485D	5
N487D	5
P463S	5
N481Y	4
S371F	4
Q498R	4
F490V	4
A520S	4
G339N	4
N439K	4
A348S	4
T478E	4
L513F	4
V483F	4
V483I	4
L452R	4
Q474H	3
N360S	3
P521T	3
L335F	3
Y505H	3
E340Q	3
S373P	3
E340K	3
A475S	3
F486V	3
Y473H	3
E484S	3
T478Q	3
G485S	3
A344S	3
A411S	3
T345A	3
V483A	3
R357K	3
A522S	3
T500S	3
A522P	3
E465G	2
T500A	2
R408I	2
N487K	2
V511I	2
V445I	2
V433I	2
L518P	2
K356R	2
H519Q	2
N501Y	2
E340G	2
T478N	2
V483L	2
D428G	2
G339V	2
N354K	2
K529R	2
P479H	2
G482D	2
R346K	2
S359N	2
D427Y	2
D420N	2
A352D	2
K529N	2
P499L	2
D428H	2
G339D	2
T430A	2
Q474E	2
D427H	2
S494L	2
A411V	2
K462E	2
G482V	2
S459F	2
L441F	2
N354D	1
I472V	1
Y380F	1
A475T	1
Y453H	1
P499S	1
K444R	1
L517F	1
V362F	1
T523A	1
F486I	1
E340D	1
I472T	1
Y351F	1
K417N	1
F490I	1
A411T	1
G446V	1
V445L	1
R408G	1
V382L	1
R346T	1
N388S	1
K356N	1
T376A	1
A348V	1
I358V	1
F486G	1
A397V	1
G446D	1
S366T	1
S373T	1
I410V	1
Y473F	1
N354S	1
A348T	1
N360K	1
S477K	1
P337L	1
A352N	1
N481T	1
E484P	1
V483G	1
G482R	1
R357G	1
E471A	1
G485V	1
R357S	1
V341I	1
G496S	1
F456V	1
N334K	1
Y396F	1
I434V	1
E484A	1
V395L	1
T376V	1
E516Q	1
V341L	1
L517I	1
F464L	1
G339H	1
L368I	1
E465D	1
K462Q	1
Q493L	1
G339E	1
E340V	1
T500N	1
N360D	1
G476C	1
S373L	1
P337A	1
G339Y	1
N440R	1
G446R	1
S359I	1
G485A	1
L455S	1
P521Q	1
N481D	1
Q474R	1
D405N	1
V510L	1
Y453F	1
E484T	1
L518Q	1
A522E	1
T333I	1
S349P	1
T478K	1
S514A	1
T415N	1
N487S	1
L441R	1
Mut	BQ.1
K444M	12
G416*	12
R346T	11
K444T	6
G476S	6
E484V	6
F486A	5
R346S	5
N460K	5
F490S	5
V445A	5
T470I	4
P479L	4
T385I	4
S477N	4
T430I	4
S371F	4
G446V	4
F456L	4
P479H	3
N440R	3
A522S	3
V483F	3
I410V	3
L455F	3
G482S	3
N354K	3
T430P	3
S494P	3
G446S	3
P337L	2
R346V	2
N360K	2
A475S	2
L452R	2
P521S	2
E340K	2
A522P	2
E484T	2
P499L	2
L452Q	2
G339Y	2
A475V	2
R403K	2
V382L	2
N501Y	2
N481Y	2
N481S	2
T478R	2
V341I	2
N354D	2
L441F	2
E484S	2
R346K	2
T478I	2
T500S	1
G416E	1
K458M	1
D427Y	1
L517P	1
E465D	1
G446R	1
S514F	1
N354H	1
V407I	1
R357T	1
K356T	1
G339N	1
V341A	1
L518P	1
T430S	1
D405S	1
L517F	1
R357S	1
D428H	1
L513F	1
V510A	1
V433I	1
D389A	1
E340D	1
R346I	1
K356R	1
T393I	1
Y473H	1
D420N	1
T470N	1
S359G	1
A344S	1
I402V	1
Q493L	1
R357K	1
A397V	1
N481T	1
P479R	1
A348S	1
N439K	1
I402L	1
Q498R	1
L455S	1
Y453H	1
V483L	1
P337S	1
G485S	1
F490I	1
K417N	1
K356N	1
F490L	1
P463A	1
V445F	1
S349P	1
S375F	1
A520S	1
P463S	1
R408N	1
P491A	1
A522V	1
E340Q	1
D427G	1
A352V	1
Y505H	1
E516Q	1
I468L	1
Mut	CHN4849
R346T	18
G446S	18
E484V	13
G446D	10
R403K	10
S494P	10
L452Q	9
K444R	8
V445A	6
Y508H	6
K356T	5
K444N	5
E484S	5
G339Y	4
H519R	4
P479L	4
R346I	4
N450D	4
S477N	4
N440R	4
T376V	4
P384S	3
E406Q	3
A522S	3
G446V	3
T478R	3
T470I	2
R408N	2
E484T	2
R346S	2
N448D	2
R408S	2
R357I	2
K417I	2
N481S	2
Q493K	2
K444M	2
T385I	2
E516Q	2
Q493L	2
N354S	2
F374L	2
Y369H	2
C361L	2
V362N	2
K529E	2
S375F	2
P521S	2
L452R	2
K417H	2
G504S	2
K417T	1
T478E	1
Q498R	1
L455F	1
A372V	1
V483F	1
K529Q	1
L441F	1
N394T	1
V395F	1
T430I	1
L513I	1
Q474K	1
V445F	1
N331K	1
N394K	1
K529R	1
G482A	1
G476S	1
N370K	1
T385A	1
A522V	1
K529N	1
L518I	1
V503F	1
E471Q	1
F490V	1
Y505H	1
A520S	1
S373P	1
S366A	1
Q493H	1
N460K	1
N460Y	1
S459F	1
A475V	1
R346G	1
H519Q	1
S371F	1
S359T	1
D420N	1
G482D	1
F486A	1
R346K	1
L513F	1
Y453H	1
A344S	1
F490L	1
E340D	1
S359N	1
A522P	1
I332V	1
R403T	1
K444T	1
I434L	1
K378N	1
E340K	1
G339H	1
I468V	1
L441I	1
G339N	1
S371Y	1
R408G	1
G446R	1
Mut	node_1376295
G446S	6
L455F	3
S366A	3
E406Q	3
G339H	3
E484V	3
R403K	3
S477N	2
T376V	2
V445A	2
T430I	2
F486L	2
E340K	2
S494P	2
Q493L	2
S477K	2
T500A	1
I402L	1
R346I	1
G339Y	1
Q493H	1
L368I	1
F490S	1
S375Y	1
E340Q	1
G504D	1
N481S	1
P384S	1
T478I	1
D428Y	1
A522V	1
E471Q	1
T385A	1
E484P	1
L452Q	1
A348S	1
T478R	1
S373P	1
H519L	1
G496S	1
S375F	1
N440R	1
T500S	1
A520S	1
Y369H	1
A522S	1
G446V	1
Q498R	1
