Lineage	Count
B	2631
B.6	148
B.1.1.529	165
A	530
B.55	85
Unassigned	3463
B.53	2
B.5	8
B.19	15
B.20	15
B.46	14
B.47	24
B.1.14	25
B.15	33
	5
B.27	30
B.57	28
B.26	37
B.1.1	11014
B.1	24114
B.52	54
B.10	78
B.51	11
B.13	12
B.18	14
B.1.617.2	42271
B.11	56
B.6.3	1
B.6.6	13
B.12	9
B.45	122
B.4	73
B.4.6	4
B.4.8	7
B.4.4	14
B.4.1	2
B.4.7	14
B.4.5	24
B.23	170
B.1.1.161	56
B.3	378
B.3.1	242
B.42	3
B.1.1.164	69
B.43	14
B.41	4
B.30	21
B.29	114
B.28	113
B.31	152
B.33	264
B.36	2
B.38	2
B.34	31
B.37	2
B.32	16
B.35	46
B.39	209
B.58	38
B.61	77
B.40	1219
B.60	40
A.5	98
A.6	37
A.3	114
A.7	3
A.12	4
A.28	78
A.27	87
A.11	8
A.4	16
A.21	78
A.26	12
A.25	5
A.29	39
A.23.1	206
A.23	11
A.2	109
A.2.2	62
A.2.3	76
A.2.5	480
A.2.5.1	11
A.2.5.3	2
A.2.5.2	55
A.1	1222
B.1.369	1289
B.1.260	75
B.1.1.49	26
B.1.1.372	521
B.1.395	32
B.1.415	20
B.1.128	6
B.1.23	48
B.1.535	3
B.1.1.192	147
B.1.547	2
B.1.2	47162
B.1.1.39	962
B.1.206	106
B.1.566	7
B.1.1.307	995
B.1.94	3
B.1.215	45
B.1.143	27
B.1.595	1235
B.1.240	1570
B.1.194	2
B.1.247	21
B.1.160.32	87
B.1.555	2
B.1.137	7
B.1.239	254
B.1.145	12
B.1.227	3
B.1.179	15
B.1.527	9
B.1.187	15
B.1.222	222
B.1.618	1
B.1.195	10
B.1.382	38
B.1.545	18
B.1.177	24619
B.1.160	7550
B.1.177.45	587
B.1.1.63	338
B.1.378	15
B.1.69	10
B.1.81	15
B.1.78	29
B.1.70	16
B.1.543	29
B.1.67	12
B.1.103	25
B.1.131	19
B.1.379	17
B.1.188	20
B.1.390	40
B.1.106	17
B.1.113	38
B.1.76	32
B.1.524	34
B.1.539	30
B.1.105	36
B.1.177.31	33
B.1.77	9
B.1.393	8
B.1.153	18
B.1.91	41
B.1.199	74
B.1.377	93
B.1.383	34
B.1.1.25	377
B.1.201	90
B.1.546	17
B.1.8	118
B.1.549	113
B.1.1.7	277441
B.1.351	4334
B.1.384	99
B.1.198	10
B.1.35	56
B.1.205	11
B.1.96	14
B.1.97	17
B.1.620	68
B.1.619.1	3
B.1.619	142
B.1.142	117
B.1.126	404
B.1.1.448	1
B.1.552	19
B.1.93	428
B.1.139	265
B.1.565	491
B.1.252	58
B.1.557	6
B.1.249	6
B.1.248	16
B.1.559	14
B.1.251	28
B.1.250	33
B.1.104	96
B.1.254	22
B.1.160.16	155
B.1.88.1	18
B.1.391	370
B.1.636	37
B.1.627	186
B.1.634	99
B.1.631	116
XB	672
B.1.280	215
B.1.633	2
B.1.530	79
B.1.525	1614
B.1.147	40
B.1.211	6
B.1.208	4
B.1.178	5
B.1.6	6
B.1.219	6
B.1.220	43
B.1.210	26
B.1.149	5
B.1.221	1997
B.1.213	36
B.1.218	25
B.1.151	33
B.1.146	58
B.1.36.1	185
B.1.36.35	161
B.1.184	5
B.1.214	2
B.1.214.3	18
B.1.214.2	22
B.1.551	440
B.1.596	878
B.1.221.4	3
B.1.221.1	188
B.1.221.2	62
B.1.236	218
B.1.351.2	138
B.1.351.3	236
B.1.351.5	6
B.1.639	26
B.1.415.1	13
B.1.182	2
B.1.600	2
B.1.1.142	115
B.1.181	9
B.1.635	6
B.1.420	30
B.1.418	22
B.1.189	42
B.1.225	25
B.1.157	70
B.1.406	13
B.1.223	118
B.1.416	101
B.1.416.1	193
B.1.177.23	193
B.1.609	658
B.1.404	276
B.1.561	773
B.1.190	44
B.1.256	40
B.1.258	2593
B.1.258.2	14
G.1	12
B.1.258.3	227
B.1.258.14	26
B.1.258.16	8
B.1.258.22	3
B.1.258.24	22
B.1.258.11	2
B.1.258.12	39
B.1.258.10	35
B.1.258.6	32
B.1.258.7	202
B.1.258.23	24
B.1.258.5	60
B.1.258.4	123
B.1.258.17	629
B.1.1.153	151
B.1.36	515
B.1.401	91
B.1.243	4959
B.1.237	21
B.1.233	14
B.1.407	17
B.1.556	13
B.1.231	14
B.1.398	40
B.1.229	59
B.1.400	1188
B.1.572	8
B.1.558	130
B.1.381	46
B.1.554	31
B.1.238	33
B.1.402	51
B.1.397	68
B.1.408	76
B.1.399	155
B.1.241	547
B.1.403	142
B.1.405	50
B.1.409	357
B.1.396	287
B.1.1.334	3
B.1.235	167
B.1.610	113
B.1.232	582
B.1.421	53
B.1.400.1	36
B.1.240.2	21
B.1.550	42
B.1.234	2851
B.1.243.1	16
B.1.602	76
B.1.243.2	8
B.1.36.39	168
B.1.177.44	979
B.1.177.60	119
B.1.177.52	124
B.1.177.72	28
B.1.177.32	54
B.1.177.75	151
B.1.177.28	49
B.1.177.33	52
B.1.177.73	37
B.1.1.521	45
B.1.177.69	288
B.1.177.71	56
B.1.177.17	606
B.1.177.16	759
B.1.177.11	196
B.1.177.46	8
B.1.177.9	298
B.1.177.30	101
B.1.177.10	547
B.1.177.20	301
B.1.177.19	289
B.1.177.18	352
B.1.177.43	304
B.1.177.35	10
B.1.177.41	1
B.1.177.12	12
B.1.177.39	1
B.1.177.89	43
B.1.177.83	51
B.1.177.84	84
B.1.177.82	126
B.1.177.87	636
B.1.177.14	2
B.1.177.15	624
AA.1	55
AA.8	14
AA.7	42
AA.6	29
AA.3	14
AA.5	26
AA.4	30
AA.2	43
B.1.177.25	1
B.1.177.76	1
B.1.177.24	6
B.1.177.50	15
B.1.177.74	3
B.1.177.85	20
B.1.177.21	64
B.1.177.51	74
B.1.177.26	44
Y.1	10
B.1.177.53	65
W.2	1
W.1	39
W.3	100
W.4	396
B.1.177.81	1406
Z.1	77
B.1.177.3	61
B.1.177.2	116
B.1.177.4	2294
B.1.177.57	1577
B.1.177.77	121
B.1.177.56	662
B.1.177.55	180
B.1.177.54	644
V.2	22
V.1	28
B.1.177.86	1465
B.1.177.65	514
B.1.177.63	118
B.1.177.59	4
U.3	2
U.1	31
B.1.177.48	157
B.1.177.62	378
B.1.177.5	373
B.1.177.58	411
B.1.177.8	566
B.1.177.6	351
B.1.177.7	1929
B.1.177.47	31
B.1.177.67	1
B.1.177.68	2
B.1.541	94
B.1.473	41
B.1.632	33
B.1.544	83
B.1.110	79
B.1.110.2	5
B.1.110.1	3
B.1.110.3	643
B.1.483	5
B.1.482	2
B.1.479	11
B.1.277	8
B.1.274	20
B.1.37	28
B.1.478	32
B.1.629	6
B.1.474	23
B.1.273	31
B.1.480	33
B.1.36.17	979
B.1.563	22
B.1.276	9
B.1.13	174
B.1.159	7
B.1.281	23
B.1.282	19
B.1.389	392
B.1.36.8	214
B.1.463	2
B.1.470	2
B.1.466	5
B.1.467	15
B.1.462	14
B.1.562	2
B.1.460	19
B.1.466.2	13
B.1.466.1	21
B.1.469	60
B.1.465	91
B.1.456	3
B.1.111	243
B.1.523	102
B.1.471	149
B.1.468	9
B.1.36.10	30
B.1.367	377
B.1.36.33	4
B.1.36.22	9
B.1.36.34	24
B.1.160.30	366
B.1.36.23	19
B.1.36.20	24
B.1.36.12	53
B.1.36.7	39
B.1.36.24	70
B.1.36.31	96
B.1.36.29	78
B.1.36.9	119
B.1.36.26	2
B.1.36.21	3
B.1.36.16	203
B.1.36.38	26
B.1.36.2	36
B.1.36.28	95
B.1.36.27	243
B.1.36.18	9
B.1.161	2
B.1.170	24
B.1.164	1
B.1.163	7
B.1.162	52
B.1.245	10
B.1.442	12
B.1.441	14
B.1.436	51
B.1.385	40
B.1.124	46
B.1.439	52
B.1.112	49
B.1.438	12
B.1.438.3	14
B.1.438.1	13
B.1.438.4	38
B.1.443	106
B.1.625	188
B.1.9	29
B.1.9.2	9
B.1.9.1	15
B.1.9.5	22
B.1.9.4	109
B.1.640.2	8
B.1.640.1	25
B.1.640	6
B.1.621	2702
B.1.621.2	18
BB.1	32
B.1.621.1	604
BB.2	135
B.1.1.37	2079
B.1.160.14	60
B.1.160.15	102
B.1.160.22	81
B.1.160.7	205
B.1.1.70	539
B.1.160.29	123
B.1.160.19	14
B.1.160.25	6
B.1.160.28	43
B.1.160.10	62
B.1.160.31	87
B.1.1.445	14
B.1.160.9	72
B.1.160.20	69
B.1.160.26	210
B.1.160.27	7
B.1.160.33	44
B.1.160.23	87
B.1.160.13	10
B.1.160.12	100
B.1.160.11	59
AB.1	3
B.1.116	4
B.1.371	202
B.1.119	18
B.1.422	1
B.1.263	4
B.1.349	413
B.1.518	34
B.1.320	284
B.1.302	15
B.1.432	4
B.1.319	61
B.1.510	2
B.1.284	1
B.1.564	209
B.1.451	37
B.1.586	4
B.1.166	48
B.1.487	12
B.1.324	349
B.1.434	6
B.1.169	1
B.1.513	2
B.1.341	6
B.1.332	90
B.1.520	5
B.1.167	14
B.1.350	9
B.1.350.1	2
B.1.39	10
B.1.453	133
B.1.601	4
B.1.115	3
B.1.314	34
B.1.370	47
B.1.321	12
B.1.333	10
B.1.431	10
B.1.315	90
B.1.606	14
B.1.330	14
B.1.294	14
B.1.323	16
B.1.328	8
B.1.38	16
B.1.329	15
B.1.516	96
B.1.335	20
B.1.354	2
B.1.304	11
B.1.168	14
B.1.578	6
B.1.12	33
B.1.267	21
B.1.360	35
B.1.318	14
B.1.437	30
B.1.446	2
B.1.489	25
B.1.344	35
B.1.355	28
B.1.287	19
B.1.264	29
B.1.485	9
B.1.515	21
B.1.293	31
B.1.325	14
B.1.579	15
B.1.582	422
B.1.348	31
B.1.268	24
B.1.444	33
B.1.108	40
B.1.428	13
B.1.428.2	8
B.1.428.1	14
B.1.334	12
B.1.603	53
B.1.338	33
B.1.117	34
B.1.165	24
B.1.306	69
B.1.492	60
B.1.340	102
B.1.337	72
B.1.448	75
B.1.605	99
B.1.413	98
B.1.452	37
B.1.569	17
B.1.313	58
B.1.366	113
B.1.310	12
B.1.308	2
B.1.445	10
B.1.120	47
B.1.298	155
B.1.356	115
B.1.289	95
B.1.22	138
B.1.362	68
B.1.362.1	8
B.1.362.2	99
B.1.305	122
B.1.346	262
B.1.570	209
B.1.576	166
B.1.574	48
B.1.363	37
B.1.509	455
B.1.372	4
B.1.607	13
B.1.491	12
B.1.44	55
B.1.40	28
B.1.597	75
B.1.517	984
B.1.496	2
B.1.495	9
B.1.309	9
B.1.359	16
B.1.494	16
B.1.493	17
B.1.604	20
B.1.497	40
B.1.3	83
B.1.502	8
B.1.504	9
B.1.500	7
B.1.508	12
B.1.498	23
B.1.501	19
B.1.505	17
B.1.507	36
B.1.499	20
B.1.499.1	5
B.1.503	149
B.1.623	1359
B.1.311	1316
B.1.599	99
B.1.571	11
B.1.564.1	3
B.1.575	1647
B.1.575.1	24
B.1.435	33
B.1.424	1
B.1.336	114
B.1.450	9
B.1.590	16
B.1.423	46
B.1.521	70
B.1.301	110
B.1.265	336
B.1.594	13
B.1.1.335	1
B.1.425	145
B.1.426	508
B.1.589	12
B.1.595.2	11
B.1.595.4	7
B.1.595.3	10
B.1.591	45
B.1.595.1	56
B.1.567	125
B.1.577	586
B.1.587	56
B.1.588	406
B.1.626	53
B.1.630	84
B.1.585	2
B.1.433	142
B.1.596.1	17
B.1.375	458
B.1.429	17892
B.1.427	7587
B.1.429.1	23
B.1.612	61
B.1.581	9
B.1.580	95
B.1.361	301
B.1.568	513
B.1.526	19944
B.1.637	6721
B.1.637.1	30
AY.111	3125
AY.26	19667
AY.64	974
AY.47	18865
AY.75	9852
AY.9	5283
B.1.617.3	7
B.1.617	184
B.1.617.1	338
AY.119	16629
AY.54	5634
AY.14	5587
AY.37	1041
AY.55	27
AY.56	129
AY.58	193
AY.67	993
AY.69	15
AY.59	21
AY.66	29
AY.63	11
AY.61	147
AY.28	16
AY.24	275
AY.11	207
AY.27	144
AY.133	33
AY.60	300
AY.68	408
AY.70	510
AY.57	884
AY.62	966
AY.10	384
AY.38	475
AY.65	791
AY.71	184
AY.72	175
AY.73	227
AY.74	454
AY.2	1328
AY.75.2	12
AY.75.3	1
AY.9.2	8766
AY.9.2.2	28
AY.13	2615
AY.48	686
AY.35	611
AY.31	8
AY.30	257
AY.50	29
AY.49	105
AY.53	219
AY.52	520
AY.19	3
AY.17	109
AY.51	557
AY.8	540
AY.16	698
AY.16.1	83
AY.15	55
AY.3	82253
AY.103	134918
AY.4	333648
AY.44	112744
AY.25	65062
AY.39	25428
AY.110	1724
AY.36	4412
AY.45	506
AY.129	4617
AY.122	47424
AY.43	53505
AY.42	5461
AY.5	21326
AY.5.4	591
AY.4.5	1466
AY.116	439
AY.126	11901
AY.46.6	7645
AY.46	2174
AY.127	4910
AY.84	653
AY.6	10909
AY.1	926
AY.39.1	3934
AY.117	6985
AY.20	11984
AY.114	2538
AY.98	17885
AY.118	10200
AY.3.3	456
AY.121	7349
AY.92	367
AY.112	1277
AY.100	37961
AY.125	5758
AY.39.2	148
AY.46.2	424
AY.93	3
AY.76	7
AY.82	15
AY.102	18
AY.21	14
AY.130	32
AY.79	58
AY.131	50
AY.104	14
AY.78	82
AY.4.2	35717
AY.106	418
AY.34	3022
AY.77	185
AY.94	193
AY.4.3	996
AY.86	40
AY.108	173
AY.81	285
AY.132	177
AY.88	229
AY.85	297
AY.91	265
AY.91.1	74
AY.105	496
AY.87	350
AY.95	92
AY.32	375
AY.80	376
AY.29	600
AY.29.1	21
AY.29.2	18
AY.123	67
AY.123.1	23
AY.120	12733
AY.90	794
AY.23	840
AY.23.1	5
AY.23.2	121
AY.83	273
AY.25.1	33050
AY.109	601
AY.112.2	69
AY.112.1	45
AY.107	1708
AY.46.4	2965
AY.119.2	4656
AY.5.3	1214
AY.3.1	8491
AY.134	212
AY.41	705
AY.116.1	2001
AY.33	3903
AY.33.2	245
AY.33.1	21
AY.4.9	1014
AY.124	1107
AY.124.1	64
AY.124.1.1	46
AY.113	4646
AY.127.1	45
AY.42.1	24
AY.98.1	6962
AY.34.1	1898
AY.34.2	212
AY.34.1.1	268
AY.128	48
AY.7	2038
AY.7.1	2741
AY.7.2	364
AY.121.1	1028
AY.120.2	16
AY.120.2.1	413
AY.120.1	1906
AY.36.1	1178
AY.22	20
AY.39.3	20
AY.20.1	35
AY.119.1	42
AY.46.3	160
AY.46.1	710
AY.46.5	4879
AY.46.6.1	5
AY.43.4	1227
AY.5.6	1
AY.5.1	18
AY.5.2	20
AY.5.5	107
AY.98.1.1	333
AY.39.1.1	1023
AY.39.1.2	3
AY.39.1.4	4
AY.99	163
AY.99.1	132
AY.99.2	3396
AY.101	543
AY.122.6	142
AY.122.1	121
AY.122.4	219
AY.122.2	36
AY.122.3	318
AY.122.5	10
AY.43.5	8
AY.43.8	902
AY.43.3	180
AY.43.9	362
AY.43.2	135
AY.43.7	86
AY.43.1	143
AY.43.6	1524
AY.3.4	102
AY.25.3	674
AY.25.2	2
AY.25.1.1	33
AY.25.1.2	4
AY.103.1	4
AY.4.1	663
AY.4.7	478
AY.4.2.1	7541
AY.4.4	672
AY.4.11	150
AY.4.16	3
AY.4.14	223
AY.4.15	390
AY.4.10	494
AY.4.8	1908
AY.4.12	6
AY.4.13	149
AY.4.2.3	1684
AY.4.6	3612
AY.4.17	3
AY.4.2.2	12019
AY.4.2.4	23
AY.4.2.5	354
BA.2	259890
B.1.1.54	3
B.1.1.319	1
B.1.1.277	180
B.1.1.180	41
B.1.1.121	4
B.1.1.1	913
B.1.1.339	4
B.1.1.447	6
B.1.1.16	8
B.1.1.398	9
B.1.1.132	36
B.1.1.462	2
B.1.1.440	13
B.1.1.62	1
B.1.1.198	178
B.1.1.487	57
B.1.1.12	45
B.1.1.371	31
B.1.1.364	2
B.1.1.82	13
B.1.1.208	22
B.1.1.304	114
B.1.1.381	2
B.1.1.360	13
B.1.1.419	42
B.1.1.185	5
B.1.1.101	14
B.1.1.137	22
B.1.1.416	543
B.1.1.117	5
B.1.1.67	113
B.1.1.506	2
B.1.1.95	14
B.1.1.275	5
B.1.1.175	3
B.1.1.325	1
B.1.1.122	3
B.1.1.174	81
B.1.1.500	3
B.1.1.116	7
B.1.1.169	3
B.1.1.203	12
B.1.1.230	2
B.1.1.222	1729
B.1.1.253	187
B.1.1.370	3
B.1.1.285	31
B.1.1.463	15
B.1.1.59	45
B.1.1.391	1
B.1.1.288	7
B.1.1.426	8
B.1.1.341	4
B.1.1.402	7
B.1.1.177	5
B.1.1.163	5
B.1.1.312	2
B.1.1.423	10
B.1.1.485	12
B.1.1.515	1
B.1.1.118	11
B.1.1.193	5
B.1.1.359	4
B.1.1.320	14
B.1.1.361	4
B.1.1.148	6
B.1.1.187	6
B.1.1.298	2
B.1.1.40	5
B.1.1.147	4
B.1.1.458	4
B.1.1.134	32
B.1.1.441	16
B.1.1.13	14
B.1.1.263	9
AT.1	2
B.1.1.383	6
B.1.1.72	17
B.1.1.347	4
B.1.1.484	5
B.1.1.464	166
B.1.1.154	9
B.1.1.379	19
B.1.1.358	7
B.1.1.176	5
B.1.1.461	15
B.1.1.92	8
B.1.1.135	73
B.1.1.268	15
B.1.1.109	11
B.1.1.349	5
B.1.1.155	14
B.1.1.172	18
B.1.1.166	12
B.1.1.197	10
B.1.1.178	13
B.1.1.437	18
B.1.1.120	16
B.1.1.57	29
B.1.1.266	13
B.1.1.380	20
B.1.1.111	4
B.1.1.480	17
B.1.1.395	15
B.1.173	19
B.1.1.367	6
B.1.1.356	12
B.1.1.274	39
P.1	9820
B.1.1.342	2
B.1.1.403	10
B.1.1.408	6
B.1.1.107	16
B.1.1.405	5
AC.1	11
B.1.1.254	15
B.1.1.507	9
B.1.1.86	16
B.1.1.34	16
B.1.1.382	15
B.1.1.239	27
B.1.1.83	106
B.1.1.144	16
B.1.1.159	19
B.1.1.189	173
B.1.1.45	13
B.1.1.141	54
B.1.1.44	88
B.1.1.261	2
B.1.1.89	65
B.1.1.168	22
B.1.1.14	22
B.1.1.145	10
B.1.1.243	15
B.1.1.378	26
B.1.1.229	21
B.1.1.262	29
B.1.1.302	11
B.1.1.8	101
B.1.1.93	6
B.1.533	32
B.1.1.234	23
B.1.1.97	17
B.1.1.421	4
B.1.1.123	31
B.1.1.374	23
B.1.1.43	32
B.1.1.99	2
B.1.1.373	3
B.1.1.15	34
B.1.1.71	51
B.1.1.450	7
B.1.1.404	4
B.1.1.130	26
B.1.1.205	46
B.1.1.58	41
B.1.1.296	22
B.59	33
B.1.1.256	32
B.1.1.406	43
B.1.1.55	25
B.1.1.265	33
B.1.1.453	51
B.1.1.249	11
B.1.1.61	33
B.1.1.376	64
B.1.1.409	6
B.1.1.225	71
B.1.1.200	53
AN.1	12
B.1.1.328	10
B.1.1.329	71
B.1.1.413	35
B.1.1.384	21
B.1.1.125	36
B.1.1.397	28
B.1.1.160	4
B.1.1.392	8
B.1.1.362	103
B.1.1.26	97
B.1.1.280	12
B.1.1.165	42
B.1.1.231	94
B.1.1.337	75
B.1.1.194	61
B.1.1.385	108
B.1.1.258	18
B.1.1.138	80
B.1.1.270	49
B.1.1.186	90
B.1.1.429	24
B.1.1.236	57
B.1.1.240	106
B.1.1.133	4
B.1.1.204	47
B.1.1.486	165
B.1.1.306	54
AE.1	2
AE.2	11
AE.7	18
AE.4	7
AE.6	25
B.1.1.115	51
B.1.532	71
B.1.1.327	3
B.1.1.528	22
B.1.1.322	34
B.1.1.297	96
AG.1	2
B.1.1.128	52
B.1.1.29	89
B.1.1.136	13
B.1.1.228	183
B.1.1.255	158
B.1.1.242	9
B.1.1.420	187
B.1.1.241	142
AH.3	4
AH.1	3
AH.2	44
B.1.540	4
B.1.1.227	77
B.1.1.286	158
B.1.1.38	15
B.1.1.389	5
B.1.1.216	30
AM.3	8
B.1.1.196	96
B.1.1.46	14
B.1.560	54
B.1.1.351	54
B.1.1.182	2
B.1.1.353	5
B.1.1.354	11
K.2	8
B.1.1.523	77
B.1.1.326	4
B.1.1.232	88
AK.2	5
AK.1	33
B.1.1.28	127
B.1.1.119	8
B.1.1.355	42
B.1.531	11
B.1.1.368	94
B.1.1.171	86
B.1.1.33	127
N.10	1
N.3	7
N.9	9
N.6	10
N.2	10
N.7	7
N.8	22
N.1	21
N.4	27
N.5	45
B.1.1.244	42
B.1.1.432	296
B.1.1.348	336
B.1.1.338	1
B.1.1.170	172
B.1.1.41	92
B.1.1.218	27
B.1.1.217	125
B.1.1.219	41
B.1.1.190	13
B.1.1.269	303
B.1.1.17	17
B.1.1.323	27
B.1.1.257	21
B.1.1.10	333
L.2	6
L.4	2
L.3	101
B.1.1.466	1
B.1.1.467	10
B.1.1.294	123
M.2	15
M.3	8
B.1.1.290	15
B.1.1.291	465
B.1.1.344	27
B.1.1.207	436
B.1.1.434	767
AQ.1	4
B.1.1.149	15
B.1.1.365	53
B.1.1.237	50
B.1.1.363	73
B.1.1.279	336
P.3	16
B.1.1.251	26
P.7	5
P.2	935
AV.1	61
B.1.1.318	939
AZ.5	16
AZ.4	18
AZ.3	240
AZ.2	67
AZ.2.1	32
B.1.1.513	1
B.1.1.27	1
B.1.1.514	29
B.1.1.512	11
B.1.1.299	33
B.1.1.300	25
B.1.1.301	376
AP.1	203
B.1.1.310	29
B.1.1.308	52
B.1.1.309	75
B.1.1.311	1322
B.1.1.283	1
B.1.1.74	72
B.1.1.272	8
B.1.1.482	19
B.1.1.210	6
B.1.1.181	6
B.1.1.425	4
B.1.1.162	3
B.1.1.282	14
B.1.1.48	15
B.1.1.226	19
B.1.1.114	8
B.1.1.139	20
B.1.1.213	22
B.1.1.433	11
B.1.1.428	24
B.1.1.113	55
B.1.1.209	14
B.1.1.50	55
B.1.1.305	67
AF.1	18
B.1.1.303	186
B.1.1.47	68
B.1.1.284	174
B.1.1.51	205
B.1.1.214	309
B.1.1.315	18
AD.2	1852
D.5	1
D.4	2
D.3	38
D.2	3252
B.1.1.369	915
C.25	2
C.8	1
C.32	1
C.33	1
C.13	2
C.1	3
C.28	11
C.23	86
C.5	10
C.26	9
C.4	8
C.14	17
B.1.1.375	3
C.2	1
C.2.1	30
C.27	27
C.20	6
C.18	14
C.12	39
C.1.2	14
C.38	15
C.3	47
C.16	170
C.35	275
C.31	7
C.30	296
C.30.1	2
C.37	728
C.37.1	66
C.36	101
C.17	149
C.36.2	28
C.36.3	420
C.36.3.1	106
B.1.1.518	43
B.1.1.158	29
B.1.1.77	12
B.1.1.224	2
B.1.1.352	9
B.1.1.5	18
B.1.1.75	3
B.1.1.459	23
B.1.1.3	49
B.1.1.221	2
B.1.1.220	122
B.1.1.4	110
B.1.1.289	182
B.1.1.316	577
R.2	29
B.1.1.317	693
AS.1	53
AS.2	24
R.1	1852
B.1.1.418	30
B.1.1.517	62
B.1.1.519	7290
B.1.1.98	12
B.1.1.525	7
P.1.10	1519
P.1.15	163
P.1.11	9
P.1.17	1674
P.1.13	446
P.1.12	63
P.1.12.1	4
P.1.2	49
P.1.16	82
P.1.6	165
P.1.1	116
P.1.8	46
P.1.9	41
P.1.14	155
P.1.7	302
P.1.7.1	16
P.1.4	381
P.1.17.1	37
Q.3	2417
XA	9
Q.1	194
Q.4	484
Q.7	27
Q.6	4
Q.8	7
Q.2	6
BA.1	79937
BA.1.15	35169
BA.1.1	228597
BA.1.14	1372
BA.1.10	770
BA.1.18	10872
BA.1.5	334
BA.1.1.1	9768
BA.1.17	10086
BA.1.9	121
BA.1.21	743
BA.1.20	8661
BA.1.13	580
BA.1.19	931
BA.1.17.2	50517
BA.1.1.18	19993
BA.1.6	77
BA.1.3	8
BA.1.4	17
BA.1.23	17
BA.1.7	252
BA.1.1.2	2095
BA.1.12	1073
BA.1.14.1	179
BA.1.14.2	43
BA.1.16	4825
BA.1.17.1	8
BA.1.1.7	223
BA.1.1.4	774
BA.1.15.1	12551
BA.1.8	327
BA.1.1.11	1634
BA.1.1.14	5914
BA.1.1.10	545
BA.1.1.15	5455
BA.1.13.1	14
BA.1.21.1	72
BA.1.1.9	495
BA.1.1.16	414
BA.1.1.8	405
BA.1.1.13	3273
BA.1.1.3	204
BA.1.1.12	1716
BA.1.16.2	13
BA.1.16.1	21
BD.1	2370
BA.1.15.2	888
BA.1.15.3	40
BA.1.1.17	211
XD	12
XS	20
BC.2	4
BC.1	90
BA.1.1.6	48
BA.2.2.1	56
XP	22
BA.2.24	57
XF	8
BA.1.1.5	2
XAY.1	12
XAY.1.1.1	6
XBC.2	2
XBC.1.4	1
XBC.1	47
XBC.1.5	2
XBC.1.2	2
XBC.1.2.1	2
XBC.1.3	3
XBC.1.1	2
XBC.1.1.1	3
BA.3	51
BA.3.1	46
BA.2.9	46200
BA.2.5	646
BA.2.65	1270
BA.2.23	4630
BA.2.56	745
BA.2.10	8782
BA.2.1	4864
BA.2.3	18727
BA.2.31	363
BA.2.7	1623
BA.2.9.3	583
BA.2.58	28
BA.2.12.1	82021
BA.2.18	3201
BA.2.4	68
BA.2.63	42
BA.2.27	39
BA.2.13	1069
BA.2.9.2	259
BA.2.12	1899
BA.2.62	74
BA.2.43	26
BA.2.29	79
BA.2.11	23
XAK	5
BA.4.1	16096
BA.4.4	2142
BA.2.6	335
BA.2.73	243
BA.2.9.5	232
BA.2.28	37
BA.4.1.1	736
BA.5.2.28	636
BA.2.17	71
BA.2.26	406
BA.2.3.16	28
BA.2.19	227
BA.2.64	86
BA.2.50	274
BA.2.10.1	1191
BA.2.32	293
BA.2.34	75
BA.2.61	13
BA.2.70	15
BA.2.60	24
BA.2.51	191
BA.2.37	2057
BA.2.46	47
BA.2.30	18
BA.2.36	1471
BA.2.85	2
BA.2.59	39
BA.2.3.5	99
BA.2.71	149
BA.2.72	302
BA.2.14	444
BA.2.33	10
BA.2.3.2	349
BE.1	6553
BE.1.1	6780
BA.5.2	36951
BA.2.20	281
BA.2.40	4
BA.2.40.1	266
BA.2.54	53
BA.2.38	736
BA.2.39	249
BA.2.49	290
BA.2.41	630
BA.2.48	639
BA.2.21	394
BA.2.3.17	704
BA.2.3.11	96
BA.2.25	90
BA.2.10.3	60
XAH	8
XAP	30
BA.5	2922
XAE	15
XAC	43
XZ	56
XAD	19
BA.2.8	2043
BA.2.35	23
BA.2.23.1	331
BA.2.2	234
BA.2.3.9	99
BA.2.3.18	1
BA.2.3.4	214
BA.2.3.12	89
BA.2.3.8	8
BA.2.3.10	107
BA.2.3.13	40
BA.2.3.1	94
BA.2.3.14	64
BA.2.3.7	74
BP.1	1
BA.2.3.6	177
BS.1	11
BS.1.1	28
BA.2.3.20	394
CM.6	4
CM.6.1	12
CM.1	14
CM.5.2	35
XBJ	7
XBJ.1	6
XBJ.2	8
CM.10	48
CM.4	47
CM.4.1	16
CM.5	29
CM.5.1	1
CM.8	1
CM.8.1	209
CM.8.1.2	3
CM.8.1.4	6
FV.1	1
CM.11	8
CM.8.1.3	14
CM.3	11
CM.9	15
CM.7	8
CM.12	17
CM.2	231
BA.2.3.15	154
BA.2.10.4	5
BA.2.10.2	22
BA.4.8	8
BA.2.52	269
BJ.1	4
XBB	377
XBB.2	628
XBB.1.5	47158
XBB.3	137
XBN	27
XBB.9	22
XBB.7	3
XBB.5	5
XBB.4	34
XBB.4.1	5
XBB.8	39
XBB.8.1	5
XBB.6	26
XBB.6.1	142
XBB.3.5	1
XBB.3.1	10
XBB.3.3	15
XBB.3.2	105
XBB.2.4	49
XBB.1.5.2	398
XBB.1	2979
XBB.2.7	19
XBB.2.7.1	3
XBB.2.1	12
XBB.2.2	16
XBB.2.8	47
XBB.2.5	87
XBB.2.6	252
XBB.2.3	334
XBB.2.3.9	4
XBB.2.3.8	4
XBB.2.3.4	11
XBB.2.3.5	13
XBB.2.3.10	9
GE.1	8
XBB.2.3.7	12
XBB.2.3.11	13
XBB.2.3.6	9
XBB.2.3.3	66
XBB.1.16	1204
XBB.1.9.1	3120
XBB.2.3.1	102
XBB.2.3.2	99
XBB.1.15	1133
XBB.1.3	3
XBB.1.5.43	43
XBB.1.18.1	64
XBB.1.10	22
XBB.1.19	15
XBB.1.19.1	120
XBB.1.28	4
XBB.1.40	2
XBB.1.5.66	431
XBB.1.14	5
XBB.1.30	42
XBB.1.5.4	528
XBB.1.38	10
XBB.1.31	2
XBV	1
XBB.1.21	13
XBB.1.29	6
XBB.1.37	9
XBB.1.37.1	1
XBB.1.5.3	201
XBB.1.4	48
XBB.1.5.48	679
XBB.1.5.17	967
XBB.1.5.15	1333
FD.4	335
XBB.1.28.1	2
FW.1	10
XBB.1.7	39
XBB.1.6	41
XBB.1.8	1
XBB.1.5.61	193
XBB.1.5.7	1657
XBB.1.13	64
XBB.1.4.1	26
XBB.1.11	6
XBB.1.11.1	58
XBB.1.18	10
FE.1	31
FE.1.2	46
FE.1.1	60
XBB.1.17	2
GA.1	29
XBB.1.17.1	141
GA.2	9
GA.3	19
XBB.1.2	5
XBB.1.39	1
XBB.1.1	89
XBB.1.32	14
XBB.1.35	7
XCC	10
XBB.1.24.1	1
XBB.1.24	29
XBB.1.24.3	2
XBB.1.27	3
XBB.1.12	5
XBB.1.22	20
XBB.1.16.6	8
XBB.1.16.4	7
XBB.1.16.1	571
XBB.1.16.5	15
XBB.1.16.3	13
XBB.1.16.2	139
XBB.1.22.1	290
FU.2	30
FU.1	74
XBB.1.5.24	488
XBB.1.22.2	49
FY.2	20
FY.4	62
FY.1	61
FY.3	26
XBB.1.23	3
XBB.1.9	97
FL.4	417
XBB.1.9.5	12
XBB.1.9.4	23
XBB.1.9.3	16
GD.1	21
FL.7	50
FL.10	168
FL.5	374
FL.11	5
FL.6	7
FL.12	103
FL.2	310
FL.9	100
FL.8	68
FL.1	68
FL.1.2	4
FL.1.3	13
FL.1.1	20
XBB.1.9.2	1021
FL.2.1	20
FL.3	658
FL.3.1	351
FL.3.4	70
FL.3.3	151
FL.3.2	187
EG.4	147
EG.2	26
EG.3	13
EG.5	37
EG.5.1	33
EG.1	331
EG.1.1	1
EG.1.2	22
EG.1.4	96
EG.1.3	155
XBB.1.5.11	604
XBB.1.5.36	171
XBB.1.5.33	674
XBB.1.5.13	1912
XBB.1.5.1	1038
XBB.1.5.31	684
XBB.1.5.9	261
XBB.1.5.32	825
XBB.1.5.49	1001
XBB.1.5.51	514
XBB.1.5.69	186
XBB.1.5.8	116
XBB.1.5.16	656
XBB.1.5.67	508
XBB.1.5.59	133
XBB.1.5.26	75
XBB.1.5.18	983
XBB.1.5.47	301
XBB.1.5.28	159
XBB.1.5.62	162
XBB.1.5.21	486
XBB.1.5.65	104
XBB.1.5.14	201
XBB.1.5.52	648
XBB.1.5.63	125
XBB.1.5.40	49
XBB.1.5.10	282
XBB.1.5.19	518
FH.1	90
XBB.1.5.12	287
XBB.1.5.25	86
XBB.1.5.35	497
XBB.1.5.37	215
XBB.1.5.6	99
XBB.1.5.30	291
XBB.1.5.54	9
XBB.1.5.44	27
XBB.1.5.20	777
XBB.1.5.38	40
XBB.1.5.39	153
XBB.1.5.29	19
XBB.1.5.55	144
XBB.1.5.68	130
XBB.1.5.64	47
EL.1	34
EU.1	9
EU.1.1	127
EU.1.1.1	36
XBB.1.5.34	280
XBB.1.5.50	80
GC.1	17
GC.2	31
FZ.2	48
FZ.1	53
FZ.1.1	74
FG.1	24
FG.2	65
FG.3	44
XBB.1.5.58	3
XBB.1.5.23	121
XBB.1.5.22	1
XBB.1.34	23
XBB.1.5.57	33
XBL	22
XBL.1	2
XBL.2	6
XBL.3	14
BM.1.1.1	28
EM.1	286
EK.4	27
EK.3	76
EK.2	171
EK.2.1	49
FD.2	1070
XBB.1.5.41	90
XBB.1.5.42	45
XBB.1.5.27	93
XBB.1.5.46	150
XBB.1.5.56	159
FT.1	8
XBB.1.5.5	174
GB.1	12
XBB.1.5.60	35
FD.3	19
FD.1	96
FD.1.1	18
BA.2.79	34
BA.2.76	406
BA.2.68	63
BA.2.67	199
BA.2.57	30
BA.2.66	19
BA.2.78	33
BA.2.74	87
BA.2.38.4	4
BA.2.38.2	15
BA.2.38.3	3
BH.1	31
BA.2.38.1	39
BA.2.75	209
BA.2.75.7	22
BA.2.75.1	217
BA.2.75.5	275
BA.2.75.3	44
BN.5	38
BY.1	197
BA.2.75.10	14
BA.2.75.6	21
BM.1	14
BA.2.75.2	744
XCA	30
BA.2.75.9	3
CB.1	64
BL.1	249
BM.4.1.1	159
CH.1.1	4110
CH.1.1.1	1830
DV.6	1364
BL.3	14
BL.6	17
BL.4	16
BL.2	68
BL.1.1	6
BL.1.3	8
BL.1.4	17
BL.1.5	2
BA.2.75.4	35
BR.3	16
BR.4	7
BR.5	13
BR.1	141
BR.1.2	98
BR.2	26
BR.2.1	279
BN.1	1169
BY.1.1.1	22
BY.1.2	42
CA.6	7
CA.2	9
XBH	6
CA.5	62
CA.1	134
CA.7	151
CA.3	75
CA.3.1	144
BN.2	4
BN.2.1	15
BN.6	56
BN.4	2
BN.3	8
BN.3.1	113
BN.1.5	1166
BN.1.6	3
BN.1.11	1
BN.1.10	43
BN.1.8	1
BN.1.1	67
BN.1.1.1	45
BN.1.7	354
BN.1.4	294
BN.1.4.5	71
BN.1.4.2	32
BN.1.4.3	67
BN.1.4.1	78
BN.1.5.2	47
BN.1.9	76
BN.1.2	639
BN.1.2.2	37
BN.1.2.5	5
BN.1.2.4	16
BN.1.2.6	7
BN.1.2.3	164
FR.2	3
FR.1	37
BN.1.2.1	253
BN.1.3	1150
BN.1.3.4	4
BN.1.3.3	34
BN.1.3.1	937
DS.3	5
DS.1	22
DS.2	40
BN.1.3.2	9
BN.1.3.9	8
BN.1.3.8	9
EJ.1	18
EJ.2	60
BN.1.3.5	75
BN.1.3.7	42
BN.1.3.11	3
BN.1.3.6	189
BM.3	2
BM.2.3	1
BM.5	10
BM.2	9
BM.2.1	8
XBU	9
BM.4	5
BM.4.1	13
CH.2	3
BM.1.1	124
BM.1.1.3	315
BM.1.1.2	5
BM.1.1.5	15
BM.1.1.4	18
EP.1	1
CV.2	6
CV.1	79
CJ.1	22
CJ.1.3	7
CJ.1.1	12
CJ.1.2	69
XBQ	59
XBK	105
XBK.1	16
XBF	507
XBF.7	17
XBF.7.1	14
XBF.10	1
XBF.6	10
XBF.2	5
XBF.5	21
XBF.9	36
XBF.1	7
XBF.1.1	13
XBF.3	75
XBF.4	101
BY.1.1	2
CH.3.1	4
CH.1	5
CH.1.1.27	19
CH.1.1.7	36
CH.1.1.3	49
CH.1.1.18	55
CH.1.1.28	105
CH.1.1.26	20
CH.1.1.21	38
CH.1.1.24	63
CH.1.1.15	48
CH.1.1.10	176
CH.1.1.25	244
CH.1.1.2	691
DV.4	8
DV.1	119
DV.5	21
DV.2	95
DV.3	273
DV.3.1	26
DV.1.1	397
CH.1.1.17	20
FK.1.2	28
FK.1	24
FK.1.1	14
CH.1.1.11	343
CH.1.1.14	110
CH.1.1.13	126
CH.1.1.9	132
CH.1.1.12	2
FS.1	4
CH.1.1.16	7
CH.1.1.19	303
CH.1.1.20	37
CH.1.1.23	27
CH.1.1.5	53
CH.1.1.8	134
CH.1.1.6	226
FJ.1	59
BA.2.12.2	32
XAJ	31
BG.5	592
BA.5.2.1	56495
BA.4.6.5	1276
BG.3	6
BG.1	21
BG.6	1
BG.2	368
BA.5.1	36927
BQ.1.1	29044
BE.1.1.1	676
BQ.1.10	1457
BQ.1	12444
BQ.1.1.65	198
BA.5.1.24	1382
BE.3	3142
BA.5.6	12648
BA.5.5	21046
BA.5.1.3	1806
BF.4	1060
BF.10	7248
BF.5	6114
BG.4	20
BA.2.69	9
BA.2.45	85
BA.2.77	9
BA.5.3.5	218
BA.2.25.1	54
BA.2.22	696
BA.2.53	68
BA.2.47	365
BA.4	8496
BA.2.80	10
BA.2.81	37
BA.2.82	6
BA.2.42	78
BA.2.31.1	76
BA.2.55	86
XAU	20
XW	41
XN	81
XU	2
XL	39
XG	114
XAA	39
XQ	43
XR	42
XAB	22
XAG	17
XAM	56
XAF	30
XH	56
XY	53
XJ	3
XV	19
XM	101
XAL	8
XE	895
BA.2.44	77
BA.2.13.1	363
BA.2.9.6	58
BA.2.9.4	41
BA.2.9.1	236
BA.2.9.7	168
BA.2.15	33
BA.2.16	179
BA.4.1.4	39
XAS	165
BA.4.6	16293
CZ.2	110
EF.1.1.1	27
BQ.1.1.53	37
BA.5.3.3	1063
BA.5.1.25	1462
BA.4.2	1511
BA.4.1.9	181
BA.4.1.6	527
BA.4.1.5	38
BA.4.1.2	4
BE.12	122
BA.4.1.7	2
BA.4.1.3	29
BA.4.1.11	2
BA.4.1.10	39
CS.1	5
BA.4.1.8	721
BA.4.5	48
BA.4.3	29
BA.4.7	331
BA.4.6.1	412
BA.4.6.4	78
DC.1	58
XBE	140
BA.4.6.3	145
BA.4.6.2	54
BA.5.3.1	1000
BA.5.3	460
BA.5.1.10	2835
BA.5.1.1	3947
BF.39	439
BE.6	33
BA.5.1.17	196
BA.5.1.21	239
BA.5.1.22	3167
BA.5.1.23	2744
BA.5.1.30	3448
BA.5.11	150
XAZ	292
BA.5.1.35	401
BA.5.1.37	26
BA.5.1.6	920
BA.5.1.18	969
BA.5.1.15	262
BA.5.1.2	1449
BA.5.9	922
BA.5.7	8
BA.5.8	1329
BE.2	492
BE.1.4.1	119
BU.1	309
BA.5.10	261
BA.5.10.1	33
DF.1	225
DF.1.1	201
BA.5.12	94
BA.5.6.1	99
BA.5.6.2	407
BW.1	112
BW.1.2	7
BW.1.1	216
BW.1.1.2	63
BW.1.1.1	119
BA.5.6.4	27
BA.5.6.3	64
BA.5.5.1	854
BA.5.5.2	408
BA.5.5.3	286
BA.5.1.16	60
BA.5.1.12	560
BA.5.1.34	39
XAN	39
BA.5.1.28	55
BA.5.1.31	25
BA.5.1.19	74
BF.11	1874
BA.5.1.26	51
BA.5.1.11	143
DL.1	93
BA.5.1.7	230
EB.1	78
BA.5.1.8	27
BA.5.1.33	270
EQ.1	16
BA.5.1.4	315
BA.5.1.38	1
XAV	24
DJ.1	11
DJ.1.2	4
DJ.1.3	2
DJ.1.1	31
DJ.1.1.1	24
CL.1	274
CL.1.1	16
CL.1.2	8
CL.1.3	27
BA.5.1.27	1039
BA.5.1.5	1522
DE.1	69
DE.2	17
BA.5.2.32	23
BT.2	47
BT.1	61
DH.1	3
BK.1	676
BA.5.1.20	30
BA.5.1.36	48
BA.5.1.9	156
BA.5.1.32	6
BA.5.3.4	89
BA.5.3.2	171
BE.1.2	405
BQ.1.12	2175
ED.2	245
BE.10	118
BE.11	20
BE.13	13
BE.8	22
BE.7	36
BE.5	235
BE.9	170
BE.4	313
BE.4.2	147
BE.4.1	115
CQ.2	360
BE.4.1.1	56
CQ.1	73
CQ.1.1	39
BE.1.4	800
BE.1.3	166
BE.1.2.1	371
BE.1.4.4	42
BE.1.4.3	7
BE.1.4.2	181
BE.1.1.2	653
BF.34	25
CC.1	15
BQ.1.5	1010
BQ.2	66
BQ.1.14	1589
BQ.1.1.4	2160
BQ.1.11	1434
BQ.1.11.1	18
BQ.1.23	735
BQ.1.19	10
BQ.1.17	12
BQ.1.33	4
BQ.1.31	62
BQ.1.16	109
BQ.1.20	65
BQ.1.7	72
BQ.1.26	68
BQ.1.26.1	28
BQ.1.4	97
BQ.1.21	99
BQ.1.9	87
BQ.1.6	408
BQ.1.32	37
BQ.1.15	528
BQ.1.15.2	4
BQ.1.15.1	4
BQ.1.13	964
BQ.1.13.1	595
DT.3	44
BQ.1.1.6	567
ED.3	96
BQ.1.1.18	1572
BQ.1.1.72	92
ED.1	15
BQ.1.10.3	9
BQ.1.10.1	288
BQ.1.10.2	89
EC.1	108
EC.1.1	76
BQ.1.3	498
BQ.1.3.1	302
BQ.1.3.2	1216
BQ.1.29	37
BQ.1.28	299
BQ.1.2	2588
BQ.1.2.1	64
FB.1	14
FB.2	41
BQ.1.2.3	421
BQ.1.1.31	185
BQ.1.24	39
BQ.1.25	421
BQ.1.30	2
BQ.1.25.1	504
BQ.1.1.10	491
BQ.1.18	641
BQ.1.1.32	1156
BQ.1.1.37	15
BQ.1.1.16	28
BQ.1.1.47	89
BQ.1.1.52	439
BQ.1.22	168
BQ.1.1.3	1940
BQ.1.1.19	232
BQ.1.1.46	60
BQ.1.1.11	114
BQ.1.1.13	266
BQ.1.1.45	208
BQ.1.1.1	1002
BQ.1.1.58	105
BQ.1.1.51	699
BQ.1.1.69	1001
BQ.1.1.36	84
BQ.1.1.21	66
BQ.1.1.56	121
BQ.1.1.22	429
BQ.1.1.24	453
BQ.1.1.15	428
BQ.1.1.64	5
BQ.1.1.67	255
BQ.1.1.2	1036
EE.1	297
BQ.1.1.40	266
BQ.1.1.9	37
BQ.1.1.74	34
BQ.1.1.44	7
XBZ	5
BQ.1.1.62	13
BQ.1.1.70	13
FC.1	3
BQ.1.1.30	14
BQ.1.1.26	34
DT.2	352
BQ.1.1.66	78
BQ.1.1.17	67
BQ.1.1.60	46
BQ.1.1.25	41
BQ.1.1.14	30
CW.1	2
BQ.1.1.55	11
BQ.1.27	96
BQ.1.1.34	17
BQ.1.1.7	6
FN.1	19
BQ.1.1.20	25
EN.1	26
BQ.1.1.39	47
FQ.1	2
EF.2	362
ES.1	36
DN.1	173
BQ.1.1.42	81
EE.5	179
FM.2	1
FM.1	61
BQ.1.1.12	3
BQ.1.1.57	176
BQ.1.1.71	55
EV.1	3
BQ.1.1.38	29
EW.2	87
BQ.1.1.29	100
BQ.1.1.35	185
ET.1	70
FA.1	35
BQ.1.1.49	9
BQ.1.1.48	74
DM.1	14
EA.2	9
EA.1	52
BQ.1.1.27	116
BQ.1.1.23	392
BQ.1.1.63	255
BQ.1.1.68	676
BQ.1.1.41	745
ER.1	89
ER.1.1	63
BQ.1.1.61	34
BQ.1.1.43	180
EZ.1	20
DK.1	76
BQ.1.1.59	6
BQ.1.1.54	217
BQ.1.1.28	419
EH.1	10
CZ.1	1
BQ.1.1.8	878
DP.1	6
DT.1	42
EF.1	354
EF.1.2	80
EF.1.3	26
EF.1.1	366
EY.1	46
DU.1	405
DR.1	155
DR.2	76
EE.4	11
EE.3	49
EE.2	228
BQ.1.1.5	1249
DN.2	818
DN.3	13
DN.3.1	17
DN.1.1	236
DN.1.1.2	13
DN.1.1.1	28
DN.1.1.4	31
DN.1.1.3	44
BQ.1.8	1652
BQ.1.8.1	5
BQ.1.8.2	305
FF.1	43
BF.31	74
BF.6	579
BF.41	116
BF.38	40
BA.5.2.9	5269
BF.8	1775
BF.28	2179
BF.7	5410
BF.7.13	2
BF.7.5	507
BF.7.14	4899
BA.5.2.48	7146
XBG	51
BF.26	3696
BA.5.2.6	2107
BA.5.2.4	81
BA.5.2.21	2452
BA.5.2.23	586
BA.5.2.2	491
BA.5.2.10	9
BA.5.2.26	430
CG.1	40
BA.5.2.20	3424
BA.5.2.16	278
CK.1	786
BA.5.2.31	597
BA.5.2.38	35
BA.5.2.22	722
BA.5.2.33	256
BA.5.2.27	569
BA.5.2.24	98
BA.5.2.3	1790
BA.5.2.59	160
BA.5.2.53	207
BA.5.2.8	205
BA.5.2.18	353
BA.5.2.44	77
BA.5.2.19	303
CK.3	106
CP.1	263
BA.5.2.11	3
CR.2	30
BA.5.2.57	271
BA.5.2.55	6
BA.5.2.36	77
BA.5.2.62	58
BA.5.2.61	14
CP.8	42
BA.5.2.43	14
BA.5.2.12	74
CT.1	17
BA.5.2.56	83
BA.5.2.63	10
DA.1	7
BA.5.2.30	26
BV.2	58
BA.5.2.46	1
BA.5.2.52	52
CR.1	112
BF.14	708
BA.5.2.41	9
BA.5.2.13	956
BA.5.2.29	21
CK.2	118
BA.5.2.37	65
BA.5.2.58	90
BA.5.2.54	58
BA.5.2.51	3
BA.5.2.60	19
BA.5.2.50	1
BA.5.2.47	102
DQ.1	41
CE.1	86
BA.5.2.39	66
BA.5.2.25	182
DB.2	10
DB.1	25
BA.5.2.7	426
CY.1	15
CY.2	3
CD.1	25
CD.2	68
CR.1.3	3
CR.1.1	275
CF.1	29
BU.3	58
BU.2	60
BA.5.2.49	741
DZ.2	3
DZ.1	5
BA.5.2.34	1123
CK.2.1	163
CK.2.1.1	170
DG.1	39
CK.1.2	27
BA.5.2.14	104
BA.5.2.35	1022
CP.4	15
CP.6	13
CP.3	8
CP.5	36
CP.2	12
CP.1.3	9
CP.1.2	36
CP.1.1	53
BZ.1	33
BZ.2	76
CN.2	194
CN.1	172
BV.1	27
DY.2	167
DY.1	56
DY.1.1	2
DY.4	68
DY.3	37
BF.18	30
BF.2	316
BF.32	224
BF.17	12
BF.38.3	3
BF.7.1	26
BF.7.4	1138
BF.12	72
BF.30	58
BF.31.1	47
BF.38.1	4
BF.27	2322
BF.41.1	13
BF.19	19
BF.1	2184
BF.39.1	4
XBM	41
XBR	12
XBS	17
XBP	40
XBT	12
XBD	75
BF.11.1	207
BF.11.4	56
BF.11.5	136
BF.11.3	26
BF.11.2	241
BF.7.23	110
BF.7.19	72
BF.7.17	3
BF.7.9	4
BF.7.8	38
BF.7.20	122
BF.7.21	220
BF.7.12	61
BF.7.3	27
BF.7.13.1	3
BF.7.13.2	9
BF.7.16	38
BF.7.10	29
BF.7.11	8
BF.7.18	1
BF.7.26	50
BF.7.19.1	2
BF.7.6	351
BF.7.15	39
BF.7.24	126
BF.7.22	142
BF.7.7	222
BF.7.5.1	15
BF.7.4.1	1048
BF.7.4.2	81
BF.7.27	180
BF.7.14.5	35
BF.7.14.7	5
BF.7.14.4	21
BF.7.14.1	52
BF.7.14.2	15
BF.7.14.6	8
BF.7.14.3	7
BF.40	57
BF.3	319
BF.36	310
BF.9	95
BF.20	103
BF.15	120
BF.1.1	113
BF.21	2295
BF.23	30
BF.3.1	16
BF.24	40
BF.5.5	55
BF.5.1	9
BF.5.4	7
BF.5.2	8
BF.10.1	32
BF.16	205
BF.13	720
BF.22	49
BF.29	55
BF.25	255
